{
    "Search Engines": [
        {
            "suggestions_url": "",
            "favicon_url": "",
            "safe_for_autoreplace": true,
            "is_active": "ACTIVE_STATUS_UNSPECIFIED",
            "date_created": 13294334460551124,
            "url": "https://drive.google.com/drive/search?q={searchTerms}",
            "new_tab_url": "",
            "originating_url": "https://drive.google.com/opensearch.xml",
            "sync_guid": "f8998bc8-2ba0-4ed4-865d-39c808bb717b",
            "short_name": "Google Drive",
            "keyword": "drive.google.com",
            "input_encodings": "UTF-8",
            "prepopulate_id": 0,
            "last_modified": 13294334460551124
},
        {
            "suggestions_url": "{google:baseSuggestURL}search?{google:searchFieldtrialParameter}client={google:suggestClient}&gs_ri={google:suggestRid}&xssi=t&q={searchTerms}&{google:inputType}{google:omniboxFocusType}{google:cursorPosition}{google:currentPageUrl}{google:pageClassification}{google:clientCacheTimeToLive}{google:searchVersion}{google:sessionToken}{google:prefetchQuery}sugkey={google:suggestAPIKeyParameter}",
            "image_url_post_params": "encoded_image={google:imageThumbnail},image_url={google:imageURL},sbisrc={google:imageSearchSource},original_width={google:imageOriginalWidth},original_height={google:imageOriginalHeight}",
            "favicon_url": "https://www.google.com/favicon.ico",
            "safe_for_autoreplace": true,
            "is_active": "ACTIVE_STATUS_UNSPECIFIED",
            "date_created": 0,
            "image_url": "{google:baseSearchByImageURL}upload",
            "url": "{google:baseURL}search?q={searchTerms}&{google:RLZ}{google:originalQueryForSuggestion}{google:assistedQueryStats}{google:searchFieldtrialParameter}{google:iOSSearchLanguage}{google:prefetchSource}{google:searchClient}{google:sourceId}{google:contextualSearchVersion}ie={inputEncoding}",
            "new_tab_url": "",
            "originating_url": "",
            "sync_guid": "485bf7d3-0215-45af-87dc-538868000001",
            "short_name": "Google",
            "keyword": "google.com",
            "input_encodings": "UTF-8",
            "alternate_urls": [
                        "{google:baseURL}#q={searchTerms}",
                        "{google:baseURL}search#q={searchTerms}",
                        "{google:baseURL}webhp#q={searchTerms}",
                        "{google:baseURL}s#q={searchTerms}",
                        "{google:baseURL}s?q={searchTerms}"
            ],
            "prepopulate_id": 1,
            "last_modified": 0
},
        {
            "suggestions_url": "https://ac.ecosia.org/autocomplete?q={searchTerms}&type=list",
            "favicon_url": "https://cdn.ecosia.org/assets/images/ico/favicon.ico",
            "safe_for_autoreplace": true,
            "is_active": "ACTIVE_STATUS_UNSPECIFIED",
            "date_created": 0,
            "url": "https://www.ecosia.org/search?q={searchTerms}&addon=opensearch",
            "new_tab_url": "",
            "originating_url": "",
            "sync_guid": "485bf7d3-0215-45af-87dc-538868000101",
            "short_name": "Ecosia",
            "keyword": "ecosia.org",
            "input_encodings": "UTF-8",
            "prepopulate_id": 101,
            "last_modified": 13288896149106168
},
        {
            "suggestions_url": "https://www.bing.com/osjson.aspx?query={searchTerms}&language={language}&PC=U316",
            "image_url_post_params": "imageBin={google:imageThumbnailBase64}",
            "favicon_url": "https://www.bing.com/sa/simg/favicon-white-bg-shdw-gra-mg.ico",
            "safe_for_autoreplace": true,
            "is_active": "ACTIVE_STATUS_UNSPECIFIED",
            "date_created": 0,
            "image_url": "https://www.bing.com/images/detail/search?iss=sbiupload&FORM=CHROMI#enterInsights",
            "url": "https://www.bing.com/search?q={searchTerms}&PC=U316&FORM=CHROMN",
            "new_tab_url": "https://www.bing.com/chrome/newtab",
            "originating_url": "",
            "sync_guid": "485bf7d3-0215-45af-87dc-538868000003",
            "short_name": "Bing",
            "keyword": "bing.com",
            "input_encodings": "UTF-8",
            "prepopulate_id": 3,
            "last_modified": 13288896149106168
},
        {
            "suggestions_url": "https://search.yahoo.com/sugg/chrome?output=fxjson&appid=crmas_sfp&command={searchTerms}",
            "favicon_url": "https://search.yahoo.com/favicon.ico",
            "safe_for_autoreplace": true,
            "is_active": "ACTIVE_STATUS_UNSPECIFIED",
            "date_created": 0,
            "url": "https://search.yahoo.com/search{google:pathWildcard}?ei={inputEncoding}&fr=crmas_sfp&p={searchTerms}",
            "new_tab_url": "https://search.yahoo.com?fr=crmas_sfp",
            "originating_url": "",
            "sync_guid": "485bf7d3-0215-45af-87dc-538868000002",
            "short_name": "Yahoo!",
            "keyword": "yahoo.com",
            "input_encodings": "UTF-8",
            "prepopulate_id": 2,
            "last_modified": 13288896149106168
},
        {
            "suggestions_url": "https://duckduckgo.com/ac/?q={searchTerms}&type=list",
            "favicon_url": "https://duckduckgo.com/favicon.ico",
            "safe_for_autoreplace": true,
            "is_active": "ACTIVE_STATUS_UNSPECIFIED",
            "date_created": 0,
            "url": "https://duckduckgo.com/?q={searchTerms}",
            "new_tab_url": "https://duckduckgo.com/chrome_newtab",
            "originating_url": "",
            "sync_guid": "485bf7d3-0215-45af-87dc-538868000092",
            "short_name": "DuckDuckGo",
            "keyword": "duckduckgo.com",
            "input_encodings": "UTF-8",
            "prepopulate_id": 92,
            "last_modified": 13288896149106168
}
    ]
}