{
    "Apps": [
        {
            "app_launch_ordinal": "t",
            "extension": {
                        "incognito_enabled": true,
                        "remote_install": false,
                        "disable_reasons": 0,
                        "update_url": "",
                        "id": "ahfgeienlihckogmohjhadlkjgocpleb",
                        "version": "0.2",
                        "enabled": true
            },
            "page_ordinal": "n"
}
    ],
    "App Settings": [],
    "Preferences": [
        {
            "name": "profile.content_settings.exceptions.images",
            "value": "{}"
},
        {
            "name": "custom_links.initialized",
            "value": "true"
},
        {
            "name": "autofill.profile_enabled",
            "value": "true"
},
        {
            "name": "translate_too_often_denied_for_language",
            "value": "{\"fr\":true}"
},
        {
            "name": "translate_force_trigger_on_english_count_for_backoff_1",
            "value": "-1"
},
        {
            "name": "browser.clear_data.time_period",
            "value": "4"
},
        {
            "name": "profile.cookie_controls_mode",
            "value": "0"
},
        {
            "name": "dom_distiller.reader_for_accessibility",
            "value": "true"
},
        {
            "name": "translate_ignored_count_for_language",
            "value": "{\"es\":0,\"it\":0,\"ja\":0}"
},
        {
            "name": "browser.clear_data.cookies_basic",
            "value": "true"
},
        {
            "name": "download.prompt_for_download_android",
            "value": "1"
},
        {
            "name": "custom_links.list",
            "value": "[]"
},
        {
            "name": "profile.content_settings.exceptions.cookies",
            "value": "{}"
},
        {
            "name": "translate_recent_target",
            "value": "\"en\""
},
        {
            "name": "translate_blocked_languages",
            "value": "[\"en\"]"
},
        {
            "name": "browser.clear_data.cache_basic",
            "value": "true"
},
        {
            "name": "dom_distiller.font_family",
            "value": "0"
},
        {
            "name": "browser.clear_data.passwords",
            "value": "false"
},
        {
            "name": "sync.demographics_birth_year_offset",
            "value": "0"
},
        {
            "name": "autofill.enabled",
            "value": "false"
},
        {
            "name": "payments.can_make_payment_enabled",
            "value": "false"
},
        {
            "name": "browser.clear_data.form_data",
            "value": "true"
},
        {
            "name": "alternate_error_pages.enabled",
            "value": "true"
},
        {
            "name": "sharing.vapid_key",
            "value": "{\"vapid_creation_timestamp\":\"13244618060232468\",\"vapid_private_key\":\"MIGHAgEAMBMGByqGSM49AgEGCCqGSM49AwEHBG0wawIBAQQgg2o1SEa2fL/9hxgeuqpk0cDh69az7d1rvIqKDvxS/JChRANCAAQK5TcXjQQpe7a95uARc5x8rqwvPzdiRr2u5ujO397dFYUFvsi5SrPo+VD+FB8qXjJ0oou8T6vzNjYZ1Oa+/fZy\"}"
},
        {
            "name": "extensions.commands",
            "value": "{}"
},
        {
            "name": "browser.clear_data.cache",
            "value": "true"
},
        {
            "name": "profile.content_settings.exceptions.storage_access",
            "value": "{}"
},
        {
            "name": "translate_denied_count_for_language",
            "value": "{\"es\":0,\"fr\":2,\"it\":0,\"ja\":0}"
},
        {
            "name": "search.contextual_search_enabled",
            "value": "\"true\""
},
        {
            "name": "profile.content_settings.exceptions.automatic_downloads",
            "value": "{}"
},
        {
            "name": "enable_do_not_track",
            "value": "true"
},
        {
            "name": "intl.accept_languages",
            "value": "\"en-US,en\""
},
        {
            "name": "translate_allowlists",
            "value": "{}"
},
        {
            "name": "autofill.credit_card_enabled",
            "value": "false"
},
        {
            "name": "translate_whitelists",
            "value": "{}"
},
        {
            "name": "browser.clear_data.cookies",
            "value": "true"
},
        {
            "name": "profile.content_settings.exceptions.popups",
            "value": "{}"
},
        {
            "name": "translate_site_blacklist",
            "value": "[]"
},
        {
            "name": "profile.content_settings.exceptions.font_access",
            "value": "{}"
},
        {
            "name": "safebrowsing.enabled",
            "value": "true"
},
        {
            "name": "download.prompt_for_download",
            "value": "false"
},
        {
            "name": "https_only_mode_enabled",
            "value": "true"
},
        {
            "name": "browser.clear_data.browsing_history",
            "value": "true"
},
        {
            "name": "translate_site_blacklist_with_time",
            "value": "{}"
},
        {
            "name": "browser.clear_data.time_period_basic",
            "value": "1"
},
        {
            "name": "browser.clear_data.hosted_apps_data",
            "value": "true"
},
        {
            "name": "translate_accepted_count",
            "value": "{\"es\":1,\"fr\":0,\"it\":1,\"ja\":3}"
},
        {
            "name": "intl.selected_languages",
            "value": "\"en-US,en\""
},
        {
            "name": "net.network_prediction_options",
            "value": "2"
},
        {
            "name": "profile.content_settings.exceptions.javascript",
            "value": "{}"
},
        {
            "name": "profile.content_settings.exceptions.window_placement",
            "value": "{}"
},
        {
            "name": "translate_site_blocklist_with_time",
            "value": "{}"
},
        {
            "name": "sharing.synced_devices",
            "value": "{\"QSzHCidSk+tzYLxVSlZCYw==\":{\"device_auth_secret\":\"R/HntArazT58oNcqApQ6OA==\",\"device_capabilities\":3,\"device_fcm_token\":\"cYSUCD8NAe4:APA91bH23p1JhKE1fu8V7ECp8rd0-mXqrX003KV_0SrVP47xlhESAnnzW0NojvSc3gYCsjDrBGp5OE3xu56oJz8zPg8pO_LVMR5i9YJ2E4r5_LpPnej6l4R670eVDegHzCSVYEkXujj7\",\"device_p256dh\":\"BKMWpS1xjwzJzR6sqwB4ydCTaKJWusBjapkwgl7aeaIzbZRw0kZJkLy+H38HSbLcFSR3XrRB8eiKnVVP54u1Cf4=\"}}"
},
        {
            "name": "dom_distiller.theme",
            "value": "2"
},
        {
            "name": "browser.clear_data.site_settings",
            "value": "false"
}
    ],
    "Themes": [
        {
            "use_system_theme_by_default": false,
            "use_custom_theme": false
}
    ]
}